Workbook

Sheet Product List
A1: Product | B1: Category
A2: Laptop | B2: Electronics
A3: Mobile | B3: Electronics
A4: Tablet | B4: Electronics

Sheet  MIS Summary
A1: Sales MIS Report - Jan to Mar
A3: Total Revenue | B3: =SUM('Raw Data'!H2:H10) -> 1485000
A4: Top Salesperson | B4: Pooja
A5: Best Month | B5: Feb
A7: Row Labels | B7: Sum of Total Sales | C7: Sum of Commission
A8: Jan | B8: 0.36026936 | C8: 0.36026936
A9: Farhan | B9: 0.10774411 | C9: 0.10774411
A10: Ravi | B10: 0.15151515 | C10: 0.15151515
A11: Sneha | B11: 0.1010101 | C11: 0.1010101
A12: Feb | B12: 0.34343434 | C12: 0.34343434
A13: Arjun | B13: 0.090909091 | C13: 0.090909091
A14: Meera | B14: 0.070707071 | C14: 0.070707071
A15: Pooja | B15: 0.18181818 | C15: 0.18181818
A16: Mar | B16: 0.2962963 | C16: 0.2962963
A17: Divya | B17: 0.12121212 | C17: 0.12121212
A18: Karan | B18: 0.053872054 | C18: 0.053872054
A19: Rohit | B19: 0.12121212 | C19: 0.12121212
A20: Grand Total | B20: 1 | C20: 1

Sheet Raw Data
A1: SaleID | B1: Salesperson | C1: Region | D1: Product | E1: Month | F1: Units Sold | G1: Price Per Unit | H1: Total Sales | I1: Produc Category | J1: Lookup Region | K1: Performance
A2: 101 | B2: Ravi | C2: Mumbai | D2: Laptop | E2: Jan | F2: 5 | G2: 45000 | H2: =F2*G2 -> 225000 | I2: =VLOOKUP(TRIM(D2),'Product List'!A:B,2,0) -> Electronics | J2: =VLOOKUP(B2,$B$2:$C$10,2,0) -> Mumbai | K2: =IF(H2>=200000,"High","Low") -> High
A3: 102 | B3: Sneha | C3: Pune | D3: Mobile | E3: Jan | F3: 10 | G3: 15000 | H3: =F3*G3 -> 150000 | I3: =VLOOKUP(TRIM(D3),'Product List'!A:B,2,0) -> Electronics | J3: =VLOOKUP(B3,$B$2:$C$10,2,0) -> Pune | K3: =IF(H3>=200000,"High","Low") -> Low
A4: 103 | B4: Farhan | C4: Mumbai | D4: Tablet | E4: Jan | F4: 8 | G4: 20000 | H4: =F4*G4 -> 160000 | I4: =VLOOKUP(TRIM(D4),'Product List'!A:B,2,0) -> Electronics | J4: =VLOOKUP(B4,$B$2:$C$10,2,0) -> Mumbai | K4: =IF(H4>=200000,"High","Low") -> Low
A5: 104 | B5: Meera | C5: Mumbai | D5: Mobile | E5: Feb | F5: 7 | G5: 15000 | H5: =F5*G5 -> 105000 | I5: =VLOOKUP(TRIM(D5),'Product List'!A:B,2,0) -> Electronics | J5: =VLOOKUP(B5,$B$2:$C$10,2,0) -> Mumbai | K5: =IF(H5>=200000,"High","Low") -> Low
A6: 105 | B6: Arjun | C6: Pune | D6: Laptop | E6: Feb | F6: 3 | G6: 45000 | H6: =F6*G6 -> 135000 | I6: =VLOOKUP(TRIM(D6),'Product List'!A:B,2,0) -> Electronics | J6: =VLOOKUP(B6,$B$2:$C$10,2,0) -> Pune | K6: =IF(H6>=200000,"High","Low") -> Low
A7: 106 | B7: Pooja | C7: Mumbai | D7: Laptop | E7: Feb | F7: 6 | G7: 45000 | H7: =F7*G7 -> 270000 | I7: =VLOOKUP(TRIM(D7),'Product List'!A:B,2,0) -> Electronics | J7: =VLOOKUP(B7,$B$2:$C$10,2,0) -> Mumbai | K7: =IF(H7>=200000,"High","Low") -> High
A8: 107 | B8: Karan | C8: Pune | D8: Tablet | E8: Mar | F8: 4 | G8: 20000 | H8: =F8*G8 -> 80000 | I8: =VLOOKUP(TRIM(D8),'Product List'!A:B,2,0) -> Electronics | J8: =VLOOKUP(B8,$B$2:$C$10,2,0) -> Pune | K8: =IF(H8>=200000,"High","Low") -> Low
A9: 108 | B9: Divya | C9: Mumbai | D9: Mobile | E9: Mar | F9: 12 | G9: 15000 | H9: =F9*G9 -> 180000 | I9: =VLOOKUP(TRIM(D9),'Product List'!A:B,2,0) -> Electronics | J9: =VLOOKUP(B9,$B$2:$C$10,2,0) -> Mumbai | K9: =IF(H9>=200000,"High","Low") -> Low
A10: 109 | B10: Rohit | C10: Pune | D10: Tablet | E10: Mar | F10: 9 | G10: 20000 | H10: =F10*G10 -> 180000 | I10: =VLOOKUP(TRIM(D10),'Product List'!A:B,2,0) -> Electronics | J10: =VLOOKUP(B10,$B$2:$C$10,2,0) -> Pune | K10: =IF(H10>=200000,"High","Low") -> Low
